{
  "baseline_pesq": 1.125670075416565,
  "ldn_best": 1.6027542352676392,
  "ldn_alpha": 0.5,
  "tf_best": 3.1230478286743164,
  "tf_alpha": 0.5,
  "manifold_gating_pesq": 1.7029616832733154,
  "dex_best": 3.1231751441955566,
  "dex_beta": 0.2,
  "recommendation": "PATH D (DEX)"
}